{
	"title" : "Doctor Who: The Rescue, Episode 1 (1965)",
	"author" : "Brett Coulstock",
	"rights" : "Copyright Brett Coulstock",
	"licence" : "Creative Commons Attribution 4.0 International",
	"date" : "2023-08-21",
	"url" : "https://brett.coulstock.id.au/",
	"subject" : "Independant audio-description script for Episode 1 of the 1965 Doctor Who serial The Rescue",
	"keywords" : "tv, script, 1965, audio description, accessibility, science fiction, bbc, doctor who",
	"filename" : "Doctor-Who-The-Rescue-Episode-01-Audio-Description-Script"
}
